MONSTER_IDENTIFICATIE;MEETPUNT_IDENTIFICATIE;LOCATIE_CODE;TYPERING_OMSCHRIJVING;TYPERING_CODE;GROOTHEID_OMSCHRIJVING;GROOTHEID_ CODE;PARAMETER_OMSCHRIJVING;PARAMETER_ CODE;CAS_NR;EENHEID_CODE;HOEDANIGHEID_OMSCHRIJVING;HOEDANIGHEID_CODE;COMPARTIMENT_OMSCHRIJVING;COMPARTIMENT_CODE;WAARDEBEWERKINGSMETHODE_OMSCHRIJVING;WAARDEBEWERKINGSMETHODE_CODE;WAARDEBEPALINGSMETHODE_OMSCHRIJVING;WAARDEBEPALINGSMETHODE_CODE;BEMONSTERINGSSOORT_OMSCHRIJVING;BEMONSTERINGSSOORT_CODE;WAARNEMINGDATUM;WAARNEMINGTIJD (MET/CET);LIMIETSYMBOOL;NUMERIEKEWAARDE;ALFANUMERIEKEWAARDE;KWALITEITSOORDEEL_CODE;REFERENTIE;NOTITIE_CODE;NOTITIE_OMSCHRIJVING;STATUSWAARDE;OPDRACHTGEVENDE_INSTANTIE;MEETAPPARAAT_OMSCHRIJVING;MEETAPPARAAT_CODE;BEMONSTERINGSAPPARAAT_OMSCHRIJVING;BEMONSTERINGSAPPARAAT_CODE;PLAATSBEPALINGSAPPARAAT_OMSCHRIJVING;PLAATSBEPALINGSAPPARAAT_CODE;BEMONSTERINGSHOOGTE;REFERENTIEVLAK;EPSG;X;Y;ORGAAN_OMSCHRIJVING;ORGAAN_CODE;TAXON_NAME;GROEPERING_OMSCHRIJVING;GROEPERING_CODE;GROEPERING_KANAAL;GROEPERING_TYPE
;Den Helder;DENHDR;;;Waterhoogte berekend;WATHTBRKD;;;;cm;t.o.v. Normaal Amsterdams Peil;NAP;Oppervlaktewater;OW;;;Astronomische waterhoogte mbv harmonische analyse;other:F012;;;01/01/2021;03:05:00;;-70;-70;Normale waarde;;;;Ongecontroleerd;RIKZMON_WAT;;;;;;;-999999999;NVT;25831;617198,3937;5869730,61;;;;Getijextreem berekend;GETETBRKD2;2;MUX
;Den Helder;DENHDR;;;Waterhoogte berekend;WATHTBRKD;;;;cm;t.o.v. Normaal Amsterdams Peil;NAP;Oppervlaktewater;OW;;;Astronomische waterhoogte mbv harmonische analyse;other:F012;;;01/01/2021;07:56:00;;56;56;Normale waarde;;;;Ongecontroleerd;RIKZMON_WAT;;;;;;;-999999999;NVT;25831;617198,3937;5869730,61;;;;Getijextreem berekend;GETETBRKD2;2;MUX
;Den Helder;DENHDR;;;Waterhoogte berekend;WATHTBRKD;;;;cm;t.o.v. Normaal Amsterdams Peil;NAP;Oppervlaktewater;OW;;;Astronomische waterhoogte mbv harmonische analyse;other:F012;;;01/01/2021;14:32:00;;-76;-76;Normale waarde;;;;Ongecontroleerd;RIKZMON_WAT;;;;;;;-999999999;NVT;25831;617198,3937;5869730,61;;;;Getijextreem berekend;GETETBRKD2;2;MUX
;Den Helder;DENHDR;;;Waterhoogte berekend;WATHTBRKD;;;;cm;t.o.v. Normaal Amsterdams Peil;NAP;Oppervlaktewater;OW;;;Astronomische waterhoogte mbv harmonische analyse;other:F012;;;01/01/2021;21:25:00;;77;77;Normale waarde;;;;Ongecontroleerd;RIKZMON_WAT;;;;;;;-999999999;NVT;25831;617198,3937;5869730,61;;;;Getijextreem berekend;GETETBRKD2;2;MUX
;Den Helder;DENHDR;;;Waterhoogte berekend;WATHTBRKD;;;;cm;t.o.v. Normaal Amsterdams Peil;NAP;Oppervlaktewater;OW;;;Astronomische waterhoogte mbv harmonische analyse;other:F012;;;02/01/2021;03:46:00;;-71;-71;Normale waarde;;;;Ongecontroleerd;RIKZMON_WAT;;;;;;;-999999999;NVT;25831;617198,3937;5869730,61;;;;Getijextreem berekend;GETETBRKD2;2;MUX
;Den Helder;DENHDR;;;Waterhoogte berekend;WATHTBRKD;;;;cm;t.o.v. Normaal Amsterdams Peil;NAP;Oppervlaktewater;OW;;;Astronomische waterhoogte mbv harmonische analyse;other:F012;;;02/01/2021;08:40:00;;52;52;Normale waarde;;;;Ongecontroleerd;RIKZMON_WAT;;;;;;;-999999999;NVT;25831;617198,3937;5869730,61;;;;Getijextreem berekend;GETETBRKD2;2;MUX
;Den Helder;DENHDR;;;Waterhoogte berekend;WATHTBRKD;;;;cm;t.o.v. Normaal Amsterdams Peil;NAP;Oppervlaktewater;OW;;;Astronomische waterhoogte mbv harmonische analyse;other:F012;;;02/01/2021;15:10:00;;-77;-77;Normale waarde;;;;Ongecontroleerd;RIKZMON_WAT;;;;;;;-999999999;NVT;25831;617198,3937;5869730,61;;;;Getijextreem berekend;GETETBRKD2;2;MUX
;Den Helder;DENHDR;;;Waterhoogte berekend;WATHTBRKD;;;;cm;t.o.v. Normaal Amsterdams Peil;NAP;Oppervlaktewater;OW;;;Astronomische waterhoogte mbv harmonische analyse;other:F012;;;02/01/2021;21:48:00;;81;81;Normale waarde;;;;Ongecontroleerd;RIKZMON_WAT;;;;;;;-999999999;NVT;25831;617198,3937;5869730,61;;;;Getijextreem berekend;GETETBRKD2;2;MUX
;Den Helder;DENHDR;;;Waterhoogte berekend;WATHTBRKD;;;;cm;t.o.v. Normaal Amsterdams Peil;NAP;Oppervlaktewater;OW;;;Astronomische waterhoogte mbv harmonische analyse;other:F012;;;03/01/2021;04:35:00;;-70;-70;Normale waarde;;;;Ongecontroleerd;RIKZMON_WAT;;;;;;;-999999999;NVT;25831;617198,3937;5869730,61;;;;Getijextreem berekend;GETETBRKD2;2;MUX
;Den Helder;DENHDR;;;Waterhoogte berekend;WATHTBRKD;;;;cm;t.o.v. Normaal Amsterdams Peil;NAP;Oppervlaktewater;OW;;;Astronomische waterhoogte mbv harmonische analyse;other:F012;;;03/01/2021;09:38:00;;47;47;Normale waarde;;;;Ongecontroleerd;RIKZMON_WAT;;;;;;;-999999999;NVT;25831;617198,3937;5869730,61;;;;Getijextreem berekend;GETETBRKD2;2;MUX
;Den Helder;DENHDR;;;Waterhoogte berekend;WATHTBRKD;;;;cm;t.o.v. Normaal Amsterdams Peil;NAP;Oppervlaktewater;OW;;;Astronomische waterhoogte mbv harmonische analyse;other:F012;;;03/01/2021;15:58:00;;-77;-77;Normale waarde;;;;Ongecontroleerd;RIKZMON_WAT;;;;;;;-999999999;NVT;25831;617198,3937;5869730,61;;;;Getijextreem berekend;GETETBRKD2;2;MUX
;Den Helder;DENHDR;;;Waterhoogte berekend;WATHTBRKD;;;;cm;t.o.v. Normaal Amsterdams Peil;NAP;Oppervlaktewater;OW;;;Astronomische waterhoogte mbv harmonische analyse;other:F012;;;03/01/2021;22:34:00;;84;84;Normale waarde;;;;Ongecontroleerd;RIKZMON_WAT;;;;;;;-999999999;NVT;25831;617198,3937;5869730,61;;;;Getijextreem berekend;GETETBRKD2;2;MUX
;Den Helder;DENHDR;;;Waterhoogte berekend;WATHTBRKD;;;;cm;t.o.v. Normaal Amsterdams Peil;NAP;Oppervlaktewater;OW;;;Astronomische waterhoogte mbv harmonische analyse;other:F012;;;04/01/2021;05:21:00;;-68;-68;Normale waarde;;;;Ongecontroleerd;RIKZMON_WAT;;;;;;;-999999999;NVT;25831;617198,3937;5869730,61;;;;Getijextreem berekend;GETETBRKD2;2;MUX
;Den Helder;DENHDR;;;Waterhoogte berekend;WATHTBRKD;;;;cm;t.o.v. Normaal Amsterdams Peil;NAP;Oppervlaktewater;OW;;;Astronomische waterhoogte mbv harmonische analyse;other:F012;;;04/01/2021;10:24:00;;42;42;Normale waarde;;;;Ongecontroleerd;RIKZMON_WAT;;;;;;;-999999999;NVT;25831;617198,3937;5869730,61;;;;Getijextreem berekend;GETETBRKD2;2;MUX
;Den Helder;DENHDR;;;Waterhoogte berekend;WATHTBRKD;;;;cm;t.o.v. Normaal Amsterdams Peil;NAP;Oppervlaktewater;OW;;;Astronomische waterhoogte mbv harmonische analyse;other:F012;;;04/01/2021;16:34:00;;-76;-76;Normale waarde;;;;Ongecontroleerd;RIKZMON_WAT;;;;;;;-999999999;NVT;25831;617198,3937;5869730,61;;;;Getijextreem berekend;GETETBRKD2;2;MUX
;Den Helder;DENHDR;;;Waterhoogte berekend;WATHTBRKD;;;;cm;t.o.v. Normaal Amsterdams Peil;NAP;Oppervlaktewater;OW;;;Astronomische waterhoogte mbv harmonische analyse;other:F012;;;04/01/2021;23:15:00;;84;84;Normale waarde;;;;Ongecontroleerd;RIKZMON_WAT;;;;;;;-999999999;NVT;25831;617198,3937;5869730,61;;;;Getijextreem berekend;GETETBRKD2;2;MUX
;Den Helder;DENHDR;;;Waterhoogte berekend;WATHTBRKD;;;;cm;t.o.v. Normaal Amsterdams Peil;NAP;Oppervlaktewater;OW;;;Astronomische waterhoogte mbv harmonische analyse;other:F012;;;05/01/2021;06:05:00;;-64;-64;Normale waarde;;;;Ongecontroleerd;RIKZMON_WAT;;;;;;;-999999999;NVT;25831;617198,3937;5869730,61;;;;Getijextreem berekend;GETETBRKD2;2;MUX
;Den Helder;DENHDR;;;Waterhoogte berekend;WATHTBRKD;;;;cm;t.o.v. Normaal Amsterdams Peil;NAP;Oppervlaktewater;OW;;;Astronomische waterhoogte mbv harmonische analyse;other:F012;;;05/01/2021;08:53:00;;37;37;Normale waarde;;;;Ongecontroleerd;RIKZMON_WAT;;;;;;;-999999999;NVT;25831;617198,3937;5869730,61;;;;Getijextreem berekend;GETETBRKD2;2;MUX
;Den Helder;DENHDR;;;Waterhoogte berekend;WATHTBRKD;;;;cm;t.o.v. Normaal Amsterdams Peil;NAP;Oppervlaktewater;OW;;;Astronomische waterhoogte mbv harmonische analyse;other:F012;;;05/01/2021;17:00:00;;-73;-73;Normale waarde;;;;Ongecontroleerd;RIKZMON_WAT;;;;;;;-999999999;NVT;25831;617198,3937;5869730,61;;;;Getijextreem berekend;GETETBRKD2;2;MUX
;Den Helder;DENHDR;;;Waterhoogte berekend;WATHTBRKD;;;;cm;t.o.v. Normaal Amsterdams Peil;NAP;Oppervlaktewater;OW;;;Astronomische waterhoogte mbv harmonische analyse;other:F012;;;06/01/2021;00:05:00;;81;81;Normale waarde;;;;Ongecontroleerd;RIKZMON_WAT;;;;;;;-999999999;NVT;25831;617198,3937;5869730,61;;;;Getijextreem berekend;GETETBRKD2;2;MUX
;Den Helder;DENHDR;;;Waterhoogte berekend;WATHTBRKD;;;;cm;t.o.v. Normaal Amsterdams Peil;NAP;Oppervlaktewater;OW;;;Astronomische waterhoogte mbv harmonische analyse;other:F012;;;06/01/2021;06:55:00;;-60;-60;Normale waarde;;;;Ongecontroleerd;RIKZMON_WAT;;;;;;;-999999999;NVT;25831;617198,3937;5869730,61;;;;Getijextreem berekend;GETETBRKD2;2;MUX
;Den Helder;DENHDR;;;Waterhoogte berekend;WATHTBRKD;;;;cm;t.o.v. Normaal Amsterdams Peil;NAP;Oppervlaktewater;OW;;;Astronomische waterhoogte mbv harmonische analyse;other:F012;;;06/01/2021;09:54:00;;37;37;Normale waarde;;;;Ongecontroleerd;RIKZMON_WAT;;;;;;;-999999999;NVT;25831;617198,3937;5869730,61;;;;Getijextreem berekend;GETETBRKD2;2;MUX
;Den Helder;DENHDR;;;Waterhoogte berekend;WATHTBRKD;;;;cm;t.o.v. Normaal Amsterdams Peil;NAP;Oppervlaktewater;OW;;;Astronomische waterhoogte mbv harmonische analyse;other:F012;;;06/01/2021;18:29:00;;-71;-71;Normale waarde;;;;Ongecontroleerd;RIKZMON_WAT;;;;;;;-999999999;NVT;25831;617198,3937;5869730,61;;;;Getijextreem berekend;GETETBRKD2;2;MUX
;Den Helder;DENHDR;;;Waterhoogte berekend;WATHTBRKD;;;;cm;t.o.v. Normaal Amsterdams Peil;NAP;Oppervlaktewater;OW;;;Astronomische waterhoogte mbv harmonische analyse;other:F012;;;07/01/2021;00:55:00;;76;76;Normale waarde;;;;Ongecontroleerd;RIKZMON_WAT;;;;;;;-999999999;NVT;25831;617198,3937;5869730,61;;;;Getijextreem berekend;GETETBRKD2;2;MUX
;Den Helder;DENHDR;;;Waterhoogte berekend;WATHTBRKD;;;;cm;t.o.v. Normaal Amsterdams Peil;NAP;Oppervlaktewater;OW;;;Astronomische waterhoogte mbv harmonische analyse;other:F012;;;07/01/2021;07:45:00;;-57;-57;Normale waarde;;;;Ongecontroleerd;RIKZMON_WAT;;;;;;;-999999999;NVT;25831;617198,3937;5869730,61;;;;Getijextreem berekend;GETETBRKD2;2;MUX
;Den Helder;DENHDR;;;Waterhoogte berekend;WATHTBRKD;;;;cm;t.o.v. Normaal Amsterdams Peil;NAP;Oppervlaktewater;OW;;;Astronomische waterhoogte mbv harmonische analyse;other:F012;;;07/01/2021;11:04:00;;39;39;Normale waarde;;;;Ongecontroleerd;RIKZMON_WAT;;;;;;;-999999999;NVT;25831;617198,3937;5869730,61;;;;Getijextreem berekend;GETETBRKD2;2;MUX
;Den Helder;DENHDR;;;Waterhoogte berekend;WATHTBRKD;;;;cm;t.o.v. Normaal Amsterdams Peil;NAP;Oppervlaktewater;OW;;;Astronomische waterhoogte mbv harmonische analyse;other:F012;;;07/01/2021;19:25:00;;-69;-69;Normale waarde;;;;Ongecontroleerd;RIKZMON_WAT;;;;;;;-999999999;NVT;25831;617198,3937;5869730,61;;;;Getijextreem berekend;GETETBRKD2;2;MUX
;Den Helder;DENHDR;;;Waterhoogte berekend;WATHTBRKD;;;;cm;t.o.v. Normaal Amsterdams Peil;NAP;Oppervlaktewater;OW;;;Astronomische waterhoogte mbv harmonische analyse;other:F012;;;08/01/2021;01:58:00;;70;70;Normale waarde;;;;Ongecontroleerd;RIKZMON_WAT;;;;;;;-999999999;NVT;25831;617198,3937;5869730,61;;;;Getijextreem berekend;GETETBRKD2;2;MUX
;Den Helder;DENHDR;;;Waterhoogte berekend;WATHTBRKD;;;;cm;t.o.v. Normaal Amsterdams Peil;NAP;Oppervlaktewater;OW;;;Astronomische waterhoogte mbv harmonische analyse;other:F012;;;08/01/2021;08:35:00;;-56;-56;Normale waarde;;;;Ongecontroleerd;RIKZMON_WAT;;;;;;;-999999999;NVT;25831;617198,3937;5869730,61;;;;Getijextreem berekend;GETETBRKD2;2;MUX
;Den Helder;DENHDR;;;Waterhoogte berekend;WATHTBRKD;;;;cm;t.o.v. Normaal Amsterdams Peil;NAP;Oppervlaktewater;OW;;;Astronomische waterhoogte mbv harmonische analyse;other:F012;;;08/01/2021;12:04:00;;41;41;Normale waarde;;;;Ongecontroleerd;RIKZMON_WAT;;;;;;;-999999999;NVT;25831;617198,3937;5869730,61;;;;Getijextreem berekend;GETETBRKD2;2;MUX
;Den Helder;DENHDR;;;Waterhoogte berekend;WATHTBRKD;;;;cm;t.o.v. Normaal Amsterdams Peil;NAP;Oppervlaktewater;OW;;;Astronomische waterhoogte mbv harmonische analyse;other:F012;;;08/01/2021;20:30:00;;-67;-67;Normale waarde;;;;Ongecontroleerd;RIKZMON_WAT;;;;;;;-999999999;NVT;25831;617198,3937;5869730,61;;;;Getijextreem berekend;GETETBRKD2;2;MUX
;Den Helder;DENHDR;;;Waterhoogte berekend;WATHTBRKD;;;;cm;t.o.v. Normaal Amsterdams Peil;NAP;Oppervlaktewater;OW;;;Astronomische waterhoogte mbv harmonische analyse;other:F012;;;09/01/2021;03:04:00;;67;67;Normale waarde;;;;Ongecontroleerd;RIKZMON_WAT;;;;;;;-999999999;NVT;25831;617198,3937;5869730,61;;;;Getijextreem berekend;GETETBRKD2;2;MUX
;Den Helder;DENHDR;;;Waterhoogte berekend;WATHTBRKD;;;;cm;t.o.v. Normaal Amsterdams Peil;NAP;Oppervlaktewater;OW;;;Astronomische waterhoogte mbv harmonische analyse;other:F012;;;09/01/2021;09:41:00;;-57;-57;Normale waarde;;;;Ongecontroleerd;RIKZMON_WAT;;;;;;;-999999999;NVT;25831;617198,3937;5869730,61;;;;Getijextreem berekend;GETETBRKD2;2;MUX
;Den Helder;DENHDR;;;Waterhoogte berekend;WATHTBRKD;;;;cm;t.o.v. Normaal Amsterdams Peil;NAP;Oppervlaktewater;OW;;;Astronomische waterhoogte mbv harmonische analyse;other:F012;;;09/01/2021;13:07:00;;43;43;Normale waarde;;;;Ongecontroleerd;RIKZMON_WAT;;;;;;;-999999999;NVT;25831;617198,3937;5869730,61;;;;Getijextreem berekend;GETETBRKD2;2;MUX
;Den Helder;DENHDR;;;Waterhoogte berekend;WATHTBRKD;;;;cm;t.o.v. Normaal Amsterdams Peil;NAP;Oppervlaktewater;OW;;;Astronomische waterhoogte mbv harmonische analyse;other:F012;;;09/01/2021;21:55:00;;-66;-66;Normale waarde;;;;Ongecontroleerd;RIKZMON_WAT;;;;;;;-999999999;NVT;25831;617198,3937;5869730,61;;;;Getijextreem berekend;GETETBRKD2;2;MUX
;Den Helder;DENHDR;;;Waterhoogte berekend;WATHTBRKD;;;;cm;t.o.v. Normaal Amsterdams Peil;NAP;Oppervlaktewater;OW;;;Astronomische waterhoogte mbv harmonische analyse;other:F012;;;10/01/2021;04:28:00;;66;66;Normale waarde;;;;Ongecontroleerd;RIKZMON_WAT;;;;;;;-999999999;NVT;25831;617198,3937;5869730,61;;;;Getijextreem berekend;GETETBRKD2;2;MUX
;Den Helder;DENHDR;;;Waterhoogte berekend;WATHTBRKD;;;;cm;t.o.v. Normaal Amsterdams Peil;NAP;Oppervlaktewater;OW;;;Astronomische waterhoogte mbv harmonische analyse;other:F012;;;10/01/2021;10:45:00;;-61;-61;Normale waarde;;;;Ongecontroleerd;RIKZMON_WAT;;;;;;;-999999999;NVT;25831;617198,3937;5869730,61;;;;Getijextreem berekend;GETETBRKD2;2;MUX
;Den Helder;DENHDR;;;Waterhoogte berekend;WATHTBRKD;;;;cm;t.o.v. Normaal Amsterdams Peil;NAP;Oppervlaktewater;OW;;;Astronomische waterhoogte mbv harmonische analyse;other:F012;;;10/01/2021;16:16:00;;46;46;Normale waarde;;;;Ongecontroleerd;RIKZMON_WAT;;;;;;;-999999999;NVT;25831;617198,3937;5869730,61;;;;Getijextreem berekend;GETETBRKD2;2;MUX
;Den Helder;DENHDR;;;Waterhoogte berekend;WATHTBRKD;;;;cm;t.o.v. Normaal Amsterdams Peil;NAP;Oppervlaktewater;OW;;;Astronomische waterhoogte mbv harmonische analyse;other:F012;;;10/01/2021;23:10:00;;-69;-69;Normale waarde;;;;Ongecontroleerd;RIKZMON_WAT;;;;;;;-999999999;NVT;25831;617198,3937;5869730,61;;;;Getijextreem berekend;GETETBRKD2;2;MUX
;Den Helder;DENHDR;;;Waterhoogte berekend;WATHTBRKD;;;;cm;t.o.v. Normaal Amsterdams Peil;NAP;Oppervlaktewater;OW;;;Astronomische waterhoogte mbv harmonische analyse;other:F012;;;11/01/2021;05:38:00;;65;65;Normale waarde;;;;Ongecontroleerd;RIKZMON_WAT;;;;;;;-999999999;NVT;25831;617198,3937;5869730,61;;;;Getijextreem berekend;GETETBRKD2;2;MUX
;Den Helder;DENHDR;;;Waterhoogte berekend;WATHTBRKD;;;;cm;t.o.v. Normaal Amsterdams Peil;NAP;Oppervlaktewater;OW;;;Astronomische waterhoogte mbv harmonische analyse;other:F012;;;11/01/2021;11:51:00;;-66;-66;Normale waarde;;;;Ongecontroleerd;RIKZMON_WAT;;;;;;;-999999999;NVT;25831;617198,3937;5869730,61;;;;Getijextreem berekend;GETETBRKD2;2;MUX
;Den Helder;DENHDR;;;Waterhoogte berekend;WATHTBRKD;;;;cm;t.o.v. Normaal Amsterdams Peil;NAP;Oppervlaktewater;OW;;;Astronomische waterhoogte mbv harmonische analyse;other:F012;;;11/01/2021;17:22:00;;57;57;Normale waarde;;;;Ongecontroleerd;RIKZMON_WAT;;;;;;;-999999999;NVT;25831;617198,3937;5869730,61;;;;Getijextreem berekend;GETETBRKD2;2;MUX
;Den Helder;DENHDR;;;Waterhoogte berekend;WATHTBRKD;;;;cm;t.o.v. Normaal Amsterdams Peil;NAP;Oppervlaktewater;OW;;;Astronomische waterhoogte mbv harmonische analyse;other:F012;;;12/01/2021;00:36:00;;-74;-74;Normale waarde;;;;Ongecontroleerd;RIKZMON_WAT;;;;;;;-999999999;NVT;25831;617198,3937;5869730,61;;;;Getijextreem berekend;GETETBRKD2;2;MUX
;Den Helder;DENHDR;;;Waterhoogte berekend;WATHTBRKD;;;;cm;t.o.v. Normaal Amsterdams Peil;NAP;Oppervlaktewater;OW;;;Astronomische waterhoogte mbv harmonische analyse;other:F012;;;12/01/2021;06:53:00;;63;63;Normale waarde;;;;Ongecontroleerd;RIKZMON_WAT;;;;;;;-999999999;NVT;25831;617198,3937;5869730,61;;;;Getijextreem berekend;GETETBRKD2;2;MUX
;Den Helder;DENHDR;;;Waterhoogte berekend;WATHTBRKD;;;;cm;t.o.v. Normaal Amsterdams Peil;NAP;Oppervlaktewater;OW;;;Astronomische waterhoogte mbv harmonische analyse;other:F012;;;12/01/2021;13:05:00;;-71;-71;Normale waarde;;;;Ongecontroleerd;RIKZMON_WAT;;;;;;;-999999999;NVT;25831;617198,3937;5869730,61;;;;Getijextreem berekend;GETETBRKD2;2;MUX
;Den Helder;DENHDR;;;Waterhoogte berekend;WATHTBRKD;;;;cm;t.o.v. Normaal Amsterdams Peil;NAP;Oppervlaktewater;OW;;;Astronomische waterhoogte mbv harmonische analyse;other:F012;;;12/01/2021;19:23:00;;68;68;Normale waarde;;;;Ongecontroleerd;RIKZMON_WAT;;;;;;;-999999999;NVT;25831;617198,3937;5869730,61;;;;Getijextreem berekend;GETETBRKD2;2;MUX
;Den Helder;DENHDR;;;Waterhoogte berekend;WATHTBRKD;;;;cm;t.o.v. Normaal Amsterdams Peil;NAP;Oppervlaktewater;OW;;;Astronomische waterhoogte mbv harmonische analyse;other:F012;;;13/01/2021;01:46:00;;-82;-82;Normale waarde;;;;Ongecontroleerd;RIKZMON_WAT;;;;;;;-999999999;NVT;25831;617198,3937;5869730,61;;;;Getijextreem berekend;GETETBRKD2;2;MUX
;Den Helder;DENHDR;;;Waterhoogte berekend;WATHTBRKD;;;;cm;t.o.v. Normaal Amsterdams Peil;NAP;Oppervlaktewater;OW;;;Astronomische waterhoogte mbv harmonische analyse;other:F012;;;13/01/2021;08:10:00;;59;59;Normale waarde;;;;Ongecontroleerd;RIKZMON_WAT;;;;;;;-999999999;NVT;25831;617198,3937;5869730,61;;;;Getijextreem berekend;GETETBRKD2;2;MUX
;Den Helder;DENHDR;;;Waterhoogte berekend;WATHTBRKD;;;;cm;t.o.v. Normaal Amsterdams Peil;NAP;Oppervlaktewater;OW;;;Astronomische waterhoogte mbv harmonische analyse;other:F012;;;13/01/2021;14:05:00;;-76;-76;Normale waarde;;;;Ongecontroleerd;RIKZMON_WAT;;;;;;;-999999999;NVT;25831;617198,3937;5869730,61;;;;Getijextreem berekend;GETETBRKD2;2;MUX
;Den Helder;DENHDR;;;Waterhoogte berekend;WATHTBRKD;;;;cm;t.o.v. Normaal Amsterdams Peil;NAP;Oppervlaktewater;OW;;;Astronomische waterhoogte mbv harmonische analyse;other:F012;;;13/01/2021;20:19:00;;77;77;Normale waarde;;;;Ongecontroleerd;RIKZMON_WAT;;;;;;;-999999999;NVT;25831;617198,3937;5869730,61;;;;Getijextreem berekend;GETETBRKD2;2;MUX
;Den Helder;DENHDR;;;Waterhoogte berekend;WATHTBRKD;;;;cm;t.o.v. Normaal Amsterdams Peil;NAP;Oppervlaktewater;OW;;;Astronomische waterhoogte mbv harmonische analyse;other:F012;;;14/01/2021;02:39:00;;-88;-88;Normale waarde;;;;Ongecontroleerd;RIKZMON_WAT;;;;;;;-999999999;NVT;25831;617198,3937;5869730,61;;;;Getijextreem berekend;GETETBRKD2;2;MUX
;Den Helder;DENHDR;;;Waterhoogte berekend;WATHTBRKD;;;;cm;t.o.v. Normaal Amsterdams Peil;NAP;Oppervlaktewater;OW;;;Astronomische waterhoogte mbv harmonische analyse;other:F012;;;14/01/2021;09:01:00;;55;55;Normale waarde;;;;Ongecontroleerd;RIKZMON_WAT;;;;;;;-999999999;NVT;25831;617198,3937;5869730,61;;;;Getijextreem berekend;GETETBRKD2;2;MUX
;Den Helder;DENHDR;;;Waterhoogte berekend;WATHTBRKD;;;;cm;t.o.v. Normaal Amsterdams Peil;NAP;Oppervlaktewater;OW;;;Astronomische waterhoogte mbv harmonische analyse;other:F012;;;14/01/2021;14:46:00;;-80;-80;Normale waarde;;;;Ongecontroleerd;RIKZMON_WAT;;;;;;;-999999999;NVT;25831;617198,3937;5869730,61;;;;Getijextreem berekend;GETETBRKD2;2;MUX
;Den Helder;DENHDR;;;Waterhoogte berekend;WATHTBRKD;;;;cm;t.o.v. Normaal Amsterdams Peil;NAP;Oppervlaktewater;OW;;;Astronomische waterhoogte mbv harmonische analyse;other:F012;;;14/01/2021;21:05:00;;84;84;Normale waarde;;;;Ongecontroleerd;RIKZMON_WAT;;;;;;;-999999999;NVT;25831;617198,3937;5869730,61;;;;Getijextreem berekend;GETETBRKD2;2;MUX
;Den Helder;DENHDR;;;Waterhoogte berekend;WATHTBRKD;;;;cm;t.o.v. Normaal Amsterdams Peil;NAP;Oppervlaktewater;OW;;;Astronomische waterhoogte mbv harmonische analyse;other:F012;;;15/01/2021;03:23:00;;-88;-88;Normale waarde;;;;Ongecontroleerd;RIKZMON_WAT;;;;;;;-999999999;NVT;25831;617198,3937;5869730,61;;;;Getijextreem berekend;GETETBRKD2;2;MUX
;Den Helder;DENHDR;;;Waterhoogte berekend;WATHTBRKD;;;;cm;t.o.v. Normaal Amsterdams Peil;NAP;Oppervlaktewater;OW;;;Astronomische waterhoogte mbv harmonische analyse;other:F012;;;15/01/2021;09:50:00;;48;48;Normale waarde;;;;Ongecontroleerd;RIKZMON_WAT;;;;;;;-999999999;NVT;25831;617198,3937;5869730,61;;;;Getijextreem berekend;GETETBRKD2;2;MUX
;Den Helder;DENHDR;;;Waterhoogte berekend;WATHTBRKD;;;;cm;t.o.v. Normaal Amsterdams Peil;NAP;Oppervlaktewater;OW;;;Astronomische waterhoogte mbv harmonische analyse;other:F012;;;15/01/2021;15:27:00;;-82;-82;Normale waarde;;;;Ongecontroleerd;RIKZMON_WAT;;;;;;;-999999999;NVT;25831;617198,3937;5869730,61;;;;Getijextreem berekend;GETETBRKD2;2;MUX
;Den Helder;DENHDR;;;Waterhoogte berekend;WATHTBRKD;;;;cm;t.o.v. Normaal Amsterdams Peil;NAP;Oppervlaktewater;OW;;;Astronomische waterhoogte mbv harmonische analyse;other:F012;;;15/01/2021;21:43:00;;87;87;Normale waarde;;;;Ongecontroleerd;RIKZMON_WAT;;;;;;;-999999999;NVT;25831;617198,3937;5869730,61;;;;Getijextreem berekend;GETETBRKD2;2;MUX
;Den Helder;DENHDR;;;Waterhoogte berekend;WATHTBRKD;;;;cm;t.o.v. Normaal Amsterdams Peil;NAP;Oppervlaktewater;OW;;;Astronomische waterhoogte mbv harmonische analyse;other:F012;;;16/01/2021;04:03:00;;-84;-84;Normale waarde;;;;Ongecontroleerd;RIKZMON_WAT;;;;;;;-999999999;NVT;25831;617198,3937;5869730,61;;;;Getijextreem berekend;GETETBRKD2;2;MUX
;Den Helder;DENHDR;;;Waterhoogte berekend;WATHTBRKD;;;;cm;t.o.v. Normaal Amsterdams Peil;NAP;Oppervlaktewater;OW;;;Astronomische waterhoogte mbv harmonische analyse;other:F012;;;16/01/2021;10:24:00;;42;42;Normale waarde;;;;Ongecontroleerd;RIKZMON_WAT;;;;;;;-999999999;NVT;25831;617198,3937;5869730,61;;;;Getijextreem berekend;GETETBRKD2;2;MUX
;Den Helder;DENHDR;;;Waterhoogte berekend;WATHTBRKD;;;;cm;t.o.v. Normaal Amsterdams Peil;NAP;Oppervlaktewater;OW;;;Astronomische waterhoogte mbv harmonische analyse;other:F012;;;16/01/2021;15:56:00;;-85;-85;Normale waarde;;;;Ongecontroleerd;RIKZMON_WAT;;;;;;;-999999999;NVT;25831;617198,3937;5869730,61;;;;Getijextreem berekend;GETETBRKD2;2;MUX
;Den Helder;DENHDR;;;Waterhoogte berekend;WATHTBRKD;;;;cm;t.o.v. Normaal Amsterdams Peil;NAP;Oppervlaktewater;OW;;;Astronomische waterhoogte mbv harmonische analyse;other:F012;;;16/01/2021;22:15:00;;88;88;Normale waarde;;;;Ongecontroleerd;RIKZMON_WAT;;;;;;;-999999999;NVT;25831;617198,3937;5869730,61;;;;Getijextreem berekend;GETETBRKD2;2;MUX
;Den Helder;DENHDR;;;Waterhoogte berekend;WATHTBRKD;;;;cm;t.o.v. Normaal Amsterdams Peil;NAP;Oppervlaktewater;OW;;;Astronomische waterhoogte mbv harmonische analyse;other:F012;;;17/01/2021;04:41:00;;-78;-78;Normale waarde;;;;Ongecontroleerd;RIKZMON_WAT;;;;;;;-999999999;NVT;25831;617198,3937;5869730,61;;;;Getijextreem berekend;GETETBRKD2;2;MUX
;Den Helder;DENHDR;;;Waterhoogte berekend;WATHTBRKD;;;;cm;t.o.v. Normaal Amsterdams Peil;NAP;Oppervlaktewater;OW;;;Astronomische waterhoogte mbv harmonische analyse;other:F012;;;17/01/2021;07:29:00;;40;40;Normale waarde;;;;Ongecontroleerd;RIKZMON_WAT;;;;;;;-999999999;NVT;25831;617198,3937;5869730,61;;;;Getijextreem berekend;GETETBRKD2;2;MUX
;Den Helder;DENHDR;;;Waterhoogte berekend;WATHTBRKD;;;;cm;t.o.v. Normaal Amsterdams Peil;NAP;Oppervlaktewater;OW;;;Astronomische waterhoogte mbv harmonische analyse;other:F012;;;17/01/2021;16:26:00;;-87;-87;Normale waarde;;;;Ongecontroleerd;RIKZMON_WAT;;;;;;;-999999999;NVT;25831;617198,3937;5869730,61;;;;Getijextreem berekend;GETETBRKD2;2;MUX
;Den Helder;DENHDR;;;Waterhoogte berekend;WATHTBRKD;;;;cm;t.o.v. Normaal Amsterdams Peil;NAP;Oppervlaktewater;OW;;;Astronomische waterhoogte mbv harmonische analyse;other:F012;;;17/01/2021;22:58:00;;85;85;Normale waarde;;;;Ongecontroleerd;RIKZMON_WAT;;;;;;;-999999999;NVT;25831;617198,3937;5869730,61;;;;Getijextreem berekend;GETETBRKD2;2;MUX
;Den Helder;DENHDR;;;Waterhoogte berekend;WATHTBRKD;;;;cm;t.o.v. Normaal Amsterdams Peil;NAP;Oppervlaktewater;OW;;;Astronomische waterhoogte mbv harmonische analyse;other:F012;;;18/01/2021;05:11:00;;-72;-72;Normale waarde;;;;Ongecontroleerd;RIKZMON_WAT;;;;;;;-999999999;NVT;25831;617198,3937;5869730,61;;;;Getijextreem berekend;GETETBRKD2;2;MUX
;Den Helder;DENHDR;;;Waterhoogte berekend;WATHTBRKD;;;;cm;t.o.v. Normaal Amsterdams Peil;NAP;Oppervlaktewater;OW;;;Astronomische waterhoogte mbv harmonische analyse;other:F012;;;18/01/2021;08:05:00;;41;41;Normale waarde;;;;Ongecontroleerd;RIKZMON_WAT;;;;;;;-999999999;NVT;25831;617198,3937;5869730,61;;;;Getijextreem berekend;GETETBRKD2;2;MUX
;Den Helder;DENHDR;;;Waterhoogte berekend;WATHTBRKD;;;;cm;t.o.v. Normaal Amsterdams Peil;NAP;Oppervlaktewater;OW;;;Astronomische waterhoogte mbv harmonische analyse;other:F012;;;18/01/2021;16:51:00;;-88;-88;Normale waarde;;;;Ongecontroleerd;RIKZMON_WAT;;;;;;;-999999999;NVT;25831;617198,3937;5869730,61;;;;Getijextreem berekend;GETETBRKD2;2;MUX
;Den Helder;DENHDR;;;Waterhoogte berekend;WATHTBRKD;;;;cm;t.o.v. Normaal Amsterdams Peil;NAP;Oppervlaktewater;OW;;;Astronomische waterhoogte mbv harmonische analyse;other:F012;;;18/01/2021;23:31:00;;80;80;Normale waarde;;;;Ongecontroleerd;RIKZMON_WAT;;;;;;;-999999999;NVT;25831;617198,3937;5869730,61;;;;Getijextreem berekend;GETETBRKD2;2;MUX
;Den Helder;DENHDR;;;Waterhoogte berekend;WATHTBRKD;;;;cm;t.o.v. Normaal Amsterdams Peil;NAP;Oppervlaktewater;OW;;;Astronomische waterhoogte mbv harmonische analyse;other:F012;;;19/01/2021;05:36:00;;-66;-66;Normale waarde;;;;Ongecontroleerd;RIKZMON_WAT;;;;;;;-999999999;NVT;25831;617198,3937;5869730,61;;;;Getijextreem berekend;GETETBRKD2;2;MUX
;Den Helder;DENHDR;;;Waterhoogte berekend;WATHTBRKD;;;;cm;t.o.v. Normaal Amsterdams Peil;NAP;Oppervlaktewater;OW;;;Astronomische waterhoogte mbv harmonische analyse;other:F012;;;19/01/2021;08:53:00;;43;43;Normale waarde;;;;Ongecontroleerd;RIKZMON_WAT;;;;;;;-999999999;NVT;25831;617198,3937;5869730,61;;;;Getijextreem berekend;GETETBRKD2;2;MUX
;Den Helder;DENHDR;;;Waterhoogte berekend;WATHTBRKD;;;;cm;t.o.v. Normaal Amsterdams Peil;NAP;Oppervlaktewater;OW;;;Astronomische waterhoogte mbv harmonische analyse;other:F012;;;19/01/2021;17:31:00;;-85;-85;Normale waarde;;;;Ongecontroleerd;RIKZMON_WAT;;;;;;;-999999999;NVT;25831;617198,3937;5869730,61;;;;Getijextreem berekend;GETETBRKD2;2;MUX
;Den Helder;DENHDR;;;Waterhoogte berekend;WATHTBRKD;;;;cm;t.o.v. Normaal Amsterdams Peil;NAP;Oppervlaktewater;OW;;;Astronomische waterhoogte mbv harmonische analyse;other:F012;;;20/01/2021;00:05:00;;73;73;Normale waarde;;;;Ongecontroleerd;RIKZMON_WAT;;;;;;;-999999999;NVT;25831;617198,3937;5869730,61;;;;Getijextreem berekend;GETETBRKD2;2;MUX
;Den Helder;DENHDR;;;Waterhoogte berekend;WATHTBRKD;;;;cm;t.o.v. Normaal Amsterdams Peil;NAP;Oppervlaktewater;OW;;;Astronomische waterhoogte mbv harmonische analyse;other:F012;;;20/01/2021;06:10:00;;-61;-61;Normale waarde;;;;Ongecontroleerd;RIKZMON_WAT;;;;;;;-999999999;NVT;25831;617198,3937;5869730,61;;;;Getijextreem berekend;GETETBRKD2;2;MUX
;Den Helder;DENHDR;;;Waterhoogte berekend;WATHTBRKD;;;;cm;t.o.v. Normaal Amsterdams Peil;NAP;Oppervlaktewater;OW;;;Astronomische waterhoogte mbv harmonische analyse;other:F012;;;20/01/2021;09:48:00;;43;43;Normale waarde;;;;Ongecontroleerd;RIKZMON_WAT;;;;;;;-999999999;NVT;25831;617198,3937;5869730,61;;;;Getijextreem berekend;GETETBRKD2;2;MUX
;Den Helder;DENHDR;;;Waterhoogte berekend;WATHTBRKD;;;;cm;t.o.v. Normaal Amsterdams Peil;NAP;Oppervlaktewater;OW;;;Astronomische waterhoogte mbv harmonische analyse;other:F012;;;20/01/2021;18:05:00;;-79;-79;Normale waarde;;;;Ongecontroleerd;RIKZMON_WAT;;;;;;;-999999999;NVT;25831;617198,3937;5869730,61;;;;Getijextreem berekend;GETETBRKD2;2;MUX
;Den Helder;DENHDR;;;Waterhoogte berekend;WATHTBRKD;;;;cm;t.o.v. Normaal Amsterdams Peil;NAP;Oppervlaktewater;OW;;;Astronomische waterhoogte mbv harmonische analyse;other:F012;;;21/01/2021;00:40:00;;65;65;Normale waarde;;;;Ongecontroleerd;RIKZMON_WAT;;;;;;;-999999999;NVT;25831;617198,3937;5869730,61;;;;Getijextreem berekend;GETETBRKD2;2;MUX
;Den Helder;DENHDR;;;Waterhoogte berekend;WATHTBRKD;;;;cm;t.o.v. Normaal Amsterdams Peil;NAP;Oppervlaktewater;OW;;;Astronomische waterhoogte mbv harmonische analyse;other:F012;;;21/01/2021;06:46:00;;-56;-56;Normale waarde;;;;Ongecontroleerd;RIKZMON_WAT;;;;;;;-999999999;NVT;25831;617198,3937;5869730,61;;;;Getijextreem berekend;GETETBRKD2;2;MUX
;Den Helder;DENHDR;;;Waterhoogte berekend;WATHTBRKD;;;;cm;t.o.v. Normaal Amsterdams Peil;NAP;Oppervlaktewater;OW;;;Astronomische waterhoogte mbv harmonische analyse;other:F012;;;21/01/2021;10:35:00;;42;42;Normale waarde;;;;Ongecontroleerd;RIKZMON_WAT;;;;;;;-999999999;NVT;25831;617198,3937;5869730,61;;;;Getijextreem berekend;GETETBRKD2;2;MUX
;Den Helder;DENHDR;;;Waterhoogte berekend;WATHTBRKD;;;;cm;t.o.v. Normaal Amsterdams Peil;NAP;Oppervlaktewater;OW;;;Astronomische waterhoogte mbv harmonische analyse;other:F012;;;21/01/2021;18:45:00;;-72;-72;Normale waarde;;;;Ongecontroleerd;RIKZMON_WAT;;;;;;;-999999999;NVT;25831;617198,3937;5869730,61;;;;Getijextreem berekend;GETETBRKD2;2;MUX
;Den Helder;DENHDR;;;Waterhoogte berekend;WATHTBRKD;;;;cm;t.o.v. Normaal Amsterdams Peil;NAP;Oppervlaktewater;OW;;;Astronomische waterhoogte mbv harmonische analyse;other:F012;;;22/01/2021;00:58:00;;60;60;Normale waarde;;;;Ongecontroleerd;RIKZMON_WAT;;;;;;;-999999999;NVT;25831;617198,3937;5869730,61;;;;Getijextreem berekend;GETETBRKD2;2;MUX
;Den Helder;DENHDR;;;Waterhoogte berekend;WATHTBRKD;;;;cm;t.o.v. Normaal Amsterdams Peil;NAP;Oppervlaktewater;OW;;;Astronomische waterhoogte mbv harmonische analyse;other:F012;;;22/01/2021;07:25:00;;-53;-53;Normale waarde;;;;Ongecontroleerd;RIKZMON_WAT;;;;;;;-999999999;NVT;25831;617198,3937;5869730,61;;;;Getijextreem berekend;GETETBRKD2;2;MUX
;Den Helder;DENHDR;;;Waterhoogte berekend;WATHTBRKD;;;;cm;t.o.v. Normaal Amsterdams Peil;NAP;Oppervlaktewater;OW;;;Astronomische waterhoogte mbv harmonische analyse;other:F012;;;22/01/2021;11:57:00;;40;40;Normale waarde;;;;Ongecontroleerd;RIKZMON_WAT;;;;;;;-999999999;NVT;25831;617198,3937;5869730,61;;;;Getijextreem berekend;GETETBRKD2;2;MUX
;Den Helder;DENHDR;;;Waterhoogte berekend;WATHTBRKD;;;;cm;t.o.v. Normaal Amsterdams Peil;NAP;Oppervlaktewater;OW;;;Astronomische waterhoogte mbv harmonische analyse;other:F012;;;22/01/2021;19:28:00;;-65;-65;Normale waarde;;;;Ongecontroleerd;RIKZMON_WAT;;;;;;;-999999999;NVT;25831;617198,3937;5869730,61;;;;Getijextreem berekend;GETETBRKD2;2;MUX
;Den Helder;DENHDR;;;Waterhoogte berekend;WATHTBRKD;;;;cm;t.o.v. Normaal Amsterdams Peil;NAP;Oppervlaktewater;OW;;;Astronomische waterhoogte mbv harmonische analyse;other:F012;;;23/01/2021;01:12:00;;56;56;Normale waarde;;;;Ongecontroleerd;RIKZMON_WAT;;;;;;;-999999999;NVT;25831;617198,3937;5869730,61;;;;Getijextreem berekend;GETETBRKD2;2;MUX
;Den Helder;DENHDR;;;Waterhoogte berekend;WATHTBRKD;;;;cm;t.o.v. Normaal Amsterdams Peil;NAP;Oppervlaktewater;OW;;;Astronomische waterhoogte mbv harmonische analyse;other:F012;;;23/01/2021;08:05:00;;-52;-52;Normale waarde;;;;Ongecontroleerd;RIKZMON_WAT;;;;;;;-999999999;NVT;25831;617198,3937;5869730,61;;;;Getijextreem berekend;GETETBRKD2;2;MUX
;Den Helder;DENHDR;;;Waterhoogte berekend;WATHTBRKD;;;;cm;t.o.v. Normaal Amsterdams Peil;NAP;Oppervlaktewater;OW;;;Astronomische waterhoogte mbv harmonische analyse;other:F012;;;23/01/2021;13:12:00;;40;40;Normale waarde;;;;Ongecontroleerd;RIKZMON_WAT;;;;;;;-999999999;NVT;25831;617198,3937;5869730,61;;;;Getijextreem berekend;GETETBRKD2;2;MUX
;Den Helder;DENHDR;;;Waterhoogte berekend;WATHTBRKD;;;;cm;t.o.v. Normaal Amsterdams Peil;NAP;Oppervlaktewater;OW;;;Astronomische waterhoogte mbv harmonische analyse;other:F012;;;23/01/2021;20:14:00;;-59;-59;Normale waarde;;;;Ongecontroleerd;RIKZMON_WAT;;;;;;;-999999999;NVT;25831;617198,3937;5869730,61;;;;Getijextreem berekend;GETETBRKD2;2;MUX
;Den Helder;DENHDR;;;Waterhoogte berekend;WATHTBRKD;;;;cm;t.o.v. Normaal Amsterdams Peil;NAP;Oppervlaktewater;OW;;;Astronomische waterhoogte mbv harmonische analyse;other:F012;;;24/01/2021;02:16:00;;54;54;Normale waarde;;;;Ongecontroleerd;RIKZMON_WAT;;;;;;;-999999999;NVT;25831;617198,3937;5869730,61;;;;Getijextreem berekend;GETETBRKD2;2;MUX
;Den Helder;DENHDR;;;Waterhoogte berekend;WATHTBRKD;;;;cm;t.o.v. Normaal Amsterdams Peil;NAP;Oppervlaktewater;OW;;;Astronomische waterhoogte mbv harmonische analyse;other:F012;;;24/01/2021;09:10:00;;-52;-52;Normale waarde;;;;Ongecontroleerd;RIKZMON_WAT;;;;;;;-999999999;NVT;25831;617198,3937;5869730,61;;;;Getijextreem berekend;GETETBRKD2;2;MUX
;Den Helder;DENHDR;;;Waterhoogte berekend;WATHTBRKD;;;;cm;t.o.v. Normaal Amsterdams Peil;NAP;Oppervlaktewater;OW;;;Astronomische waterhoogte mbv harmonische analyse;other:F012;;;24/01/2021;14:01:00;;41;41;Normale waarde;;;;Ongecontroleerd;RIKZMON_WAT;;;;;;;-999999999;NVT;25831;617198,3937;5869730,61;;;;Getijextreem berekend;GETETBRKD2;2;MUX
;Den Helder;DENHDR;;;Waterhoogte berekend;WATHTBRKD;;;;cm;t.o.v. Normaal Amsterdams Peil;NAP;Oppervlaktewater;OW;;;Astronomische waterhoogte mbv harmonische analyse;other:F012;;;24/01/2021;21:20:00;;-55;-55;Normale waarde;;;;Ongecontroleerd;RIKZMON_WAT;;;;;;;-999999999;NVT;25831;617198,3937;5869730,61;;;;Getijextreem berekend;GETETBRKD2;2;MUX
;Den Helder;DENHDR;;;Waterhoogte berekend;WATHTBRKD;;;;cm;t.o.v. Normaal Amsterdams Peil;NAP;Oppervlaktewater;OW;;;Astronomische waterhoogte mbv harmonische analyse;other:F012;;;25/01/2021;03:05:00;;53;53;Normale waarde;;;;Ongecontroleerd;RIKZMON_WAT;;;;;;;-999999999;NVT;25831;617198,3937;5869730,61;;;;Getijextreem berekend;GETETBRKD2;2;MUX
;Den Helder;DENHDR;;;Waterhoogte berekend;WATHTBRKD;;;;cm;t.o.v. Normaal Amsterdams Peil;NAP;Oppervlaktewater;OW;;;Astronomische waterhoogte mbv harmonische analyse;other:F012;;;25/01/2021;10:50:00;;-57;-57;Normale waarde;;;;Ongecontroleerd;RIKZMON_WAT;;;;;;;-999999999;NVT;25831;617198,3937;5869730,61;;;;Getijextreem berekend;GETETBRKD2;2;MUX
;Den Helder;DENHDR;;;Waterhoogte berekend;WATHTBRKD;;;;cm;t.o.v. Normaal Amsterdams Peil;NAP;Oppervlaktewater;OW;;;Astronomische waterhoogte mbv harmonische analyse;other:F012;;;25/01/2021;17:02:00;;48;48;Normale waarde;;;;Ongecontroleerd;RIKZMON_WAT;;;;;;;-999999999;NVT;25831;617198,3937;5869730,61;;;;Getijextreem berekend;GETETBRKD2;2;MUX
;Den Helder;DENHDR;;;Waterhoogte berekend;WATHTBRKD;;;;cm;t.o.v. Normaal Amsterdams Peil;NAP;Oppervlaktewater;OW;;;Astronomische waterhoogte mbv harmonische analyse;other:F012;;;25/01/2021;23:18:00;;-57;-57;Normale waarde;;;;Ongecontroleerd;RIKZMON_WAT;;;;;;;-999999999;NVT;25831;617198,3937;5869730,61;;;;Getijextreem berekend;GETETBRKD2;2;MUX
;Den Helder;DENHDR;;;Waterhoogte berekend;WATHTBRKD;;;;cm;t.o.v. Normaal Amsterdams Peil;NAP;Oppervlaktewater;OW;;;Astronomische waterhoogte mbv harmonische analyse;other:F012;;;26/01/2021;05:17:00;;55;55;Normale waarde;;;;Ongecontroleerd;RIKZMON_WAT;;;;;;;-999999999;NVT;25831;617198,3937;5869730,61;;;;Getijextreem berekend;GETETBRKD2;2;MUX
;Den Helder;DENHDR;;;Waterhoogte berekend;WATHTBRKD;;;;cm;t.o.v. Normaal Amsterdams Peil;NAP;Oppervlaktewater;OW;;;Astronomische waterhoogte mbv harmonische analyse;other:F012;;;26/01/2021;11:39:00;;-66;-66;Normale waarde;;;;Ongecontroleerd;RIKZMON_WAT;;;;;;;-999999999;NVT;25831;617198,3937;5869730,61;;;;Getijextreem berekend;GETETBRKD2;2;MUX
;Den Helder;DENHDR;;;Waterhoogte berekend;WATHTBRKD;;;;cm;t.o.v. Normaal Amsterdams Peil;NAP;Oppervlaktewater;OW;;;Astronomische waterhoogte mbv harmonische analyse;other:F012;;;26/01/2021;18:18:00;;57;57;Normale waarde;;;;Ongecontroleerd;RIKZMON_WAT;;;;;;;-999999999;NVT;25831;617198,3937;5869730,61;;;;Getijextreem berekend;GETETBRKD2;2;MUX
;Den Helder;DENHDR;;;Waterhoogte berekend;WATHTBRKD;;;;cm;t.o.v. Normaal Amsterdams Peil;NAP;Oppervlaktewater;OW;;;Astronomische waterhoogte mbv harmonische analyse;other:F012;;;27/01/2021;00:15:00;;-65;-65;Normale waarde;;;;Ongecontroleerd;RIKZMON_WAT;;;;;;;-999999999;NVT;25831;617198,3937;5869730,61;;;;Getijextreem berekend;GETETBRKD2;2;MUX
;Den Helder;DENHDR;;;Waterhoogte berekend;WATHTBRKD;;;;cm;t.o.v. Normaal Amsterdams Peil;NAP;Oppervlaktewater;OW;;;Astronomische waterhoogte mbv harmonische analyse;other:F012;;;27/01/2021;06:28:00;;56;56;Normale waarde;;;;Ongecontroleerd;RIKZMON_WAT;;;;;;;-999999999;NVT;25831;617198,3937;5869730,61;;;;Getijextreem berekend;GETETBRKD2;2;MUX
;Den Helder;DENHDR;;;Waterhoogte berekend;WATHTBRKD;;;;cm;t.o.v. Normaal Amsterdams Peil;NAP;Oppervlaktewater;OW;;;Astronomische waterhoogte mbv harmonische analyse;other:F012;;;27/01/2021;12:35:00;;-73;-73;Normale waarde;;;;Ongecontroleerd;RIKZMON_WAT;;;;;;;-999999999;NVT;25831;617198,3937;5869730,61;;;;Getijextreem berekend;GETETBRKD2;2;MUX
;Den Helder;DENHDR;;;Waterhoogte berekend;WATHTBRKD;;;;cm;t.o.v. Normaal Amsterdams Peil;NAP;Oppervlaktewater;OW;;;Astronomische waterhoogte mbv harmonische analyse;other:F012;;;27/01/2021;19:20:00;;65;65;Normale waarde;;;;Ongecontroleerd;RIKZMON_WAT;;;;;;;-999999999;NVT;25831;617198,3937;5869730,61;;;;Getijextreem berekend;GETETBRKD2;2;MUX
;Den Helder;DENHDR;;;Waterhoogte berekend;WATHTBRKD;;;;cm;t.o.v. Normaal Amsterdams Peil;NAP;Oppervlaktewater;OW;;;Astronomische waterhoogte mbv harmonische analyse;other:F012;;;28/01/2021;01:15:00;;-71;-71;Normale waarde;;;;Ongecontroleerd;RIKZMON_WAT;;;;;;;-999999999;NVT;25831;617198,3937;5869730,61;;;;Getijextreem berekend;GETETBRKD2;2;MUX
;Den Helder;DENHDR;;;Waterhoogte berekend;WATHTBRKD;;;;cm;t.o.v. Normaal Amsterdams Peil;NAP;Oppervlaktewater;OW;;;Astronomische waterhoogte mbv harmonische analyse;other:F012;;;28/01/2021;07:34:00;;55;55;Normale waarde;;;;Ongecontroleerd;RIKZMON_WAT;;;;;;;-999999999;NVT;25831;617198,3937;5869730,61;;;;Getijextreem berekend;GETETBRKD2;2;MUX
;Den Helder;DENHDR;;;Waterhoogte berekend;WATHTBRKD;;;;cm;t.o.v. Normaal Amsterdams Peil;NAP;Oppervlaktewater;OW;;;Astronomische waterhoogte mbv harmonische analyse;other:F012;;;28/01/2021;13:25:00;;-77;-77;Normale waarde;;;;Ongecontroleerd;RIKZMON_WAT;;;;;;;-999999999;NVT;25831;617198,3937;5869730,61;;;;Getijextreem berekend;GETETBRKD2;2;MUX
;Den Helder;DENHDR;;;Waterhoogte berekend;WATHTBRKD;;;;cm;t.o.v. Normaal Amsterdams Peil;NAP;Oppervlaktewater;OW;;;Astronomische waterhoogte mbv harmonische analyse;other:F012;;;28/01/2021;20:02:00;;71;71;Normale waarde;;;;Ongecontroleerd;RIKZMON_WAT;;;;;;;-999999999;NVT;25831;617198,3937;5869730,61;;;;Getijextreem berekend;GETETBRKD2;2;MUX
;Den Helder;DENHDR;;;Waterhoogte berekend;WATHTBRKD;;;;cm;t.o.v. Normaal Amsterdams Peil;NAP;Oppervlaktewater;OW;;;Astronomische waterhoogte mbv harmonische analyse;other:F012;;;29/01/2021;02:15:00;;-77;-77;Normale waarde;;;;Ongecontroleerd;RIKZMON_WAT;;;;;;;-999999999;NVT;25831;617198,3937;5869730,61;;;;Getijextreem berekend;GETETBRKD2;2;MUX
;Den Helder;DENHDR;;;Waterhoogte berekend;WATHTBRKD;;;;cm;t.o.v. Normaal Amsterdams Peil;NAP;Oppervlaktewater;OW;;;Astronomische waterhoogte mbv harmonische analyse;other:F012;;;29/01/2021;08:24:00;;52;52;Normale waarde;;;;Ongecontroleerd;RIKZMON_WAT;;;;;;;-999999999;NVT;25831;617198,3937;5869730,61;;;;Getijextreem berekend;GETETBRKD2;2;MUX
;Den Helder;DENHDR;;;Waterhoogte berekend;WATHTBRKD;;;;cm;t.o.v. Normaal Amsterdams Peil;NAP;Oppervlaktewater;OW;;;Astronomische waterhoogte mbv harmonische analyse;other:F012;;;29/01/2021;14:19:00;;-80;-80;Normale waarde;;;;Ongecontroleerd;RIKZMON_WAT;;;;;;;-999999999;NVT;25831;617198,3937;5869730,61;;;;Getijextreem berekend;GETETBRKD2;2;MUX
;Den Helder;DENHDR;;;Waterhoogte berekend;WATHTBRKD;;;;cm;t.o.v. Normaal Amsterdams Peil;NAP;Oppervlaktewater;OW;;;Astronomische waterhoogte mbv harmonische analyse;other:F012;;;29/01/2021;20:48:00;;75;75;Normale waarde;;;;Ongecontroleerd;RIKZMON_WAT;;;;;;;-999999999;NVT;25831;617198,3937;5869730,61;;;;Getijextreem berekend;GETETBRKD2;2;MUX
;Den Helder;DENHDR;;;Waterhoogte berekend;WATHTBRKD;;;;cm;t.o.v. Normaal Amsterdams Peil;NAP;Oppervlaktewater;OW;;;Astronomische waterhoogte mbv harmonische analyse;other:F012;;;30/01/2021;03:01:00;;-83;-83;Normale waarde;;;;Ongecontroleerd;RIKZMON_WAT;;;;;;;-999999999;NVT;25831;617198,3937;5869730,61;;;;Getijextreem berekend;GETETBRKD2;2;MUX
;Den Helder;DENHDR;;;Waterhoogte berekend;WATHTBRKD;;;;cm;t.o.v. Normaal Amsterdams Peil;NAP;Oppervlaktewater;OW;;;Astronomische waterhoogte mbv harmonische analyse;other:F012;;;30/01/2021;09:01:00;;48;48;Normale waarde;;;;Ongecontroleerd;RIKZMON_WAT;;;;;;;-999999999;NVT;25831;617198,3937;5869730,61;;;;Getijextreem berekend;GETETBRKD2;2;MUX
;Den Helder;DENHDR;;;Waterhoogte berekend;WATHTBRKD;;;;cm;t.o.v. Normaal Amsterdams Peil;NAP;Oppervlaktewater;OW;;;Astronomische waterhoogte mbv harmonische analyse;other:F012;;;30/01/2021;15:06:00;;-84;-84;Normale waarde;;;;Ongecontroleerd;RIKZMON_WAT;;;;;;;-999999999;NVT;25831;617198,3937;5869730,61;;;;Getijextreem berekend;GETETBRKD2;2;MUX
;Den Helder;DENHDR;;;Waterhoogte berekend;WATHTBRKD;;;;cm;t.o.v. Normaal Amsterdams Peil;NAP;Oppervlaktewater;OW;;;Astronomische waterhoogte mbv harmonische analyse;other:F012;;;30/01/2021;21:18:00;;79;79;Normale waarde;;;;Ongecontroleerd;RIKZMON_WAT;;;;;;;-999999999;NVT;25831;617198,3937;5869730,61;;;;Getijextreem berekend;GETETBRKD2;2;MUX
;Den Helder;DENHDR;;;Waterhoogte berekend;WATHTBRKD;;;;cm;t.o.v. Normaal Amsterdams Peil;NAP;Oppervlaktewater;OW;;;Astronomische waterhoogte mbv harmonische analyse;other:F012;;;31/01/2021;03:46:00;;-87;-87;Normale waarde;;;;Ongecontroleerd;RIKZMON_WAT;;;;;;;-999999999;NVT;25831;617198,3937;5869730,61;;;;Getijextreem berekend;GETETBRKD2;2;MUX
;Den Helder;DENHDR;;;Waterhoogte berekend;WATHTBRKD;;;;cm;t.o.v. Normaal Amsterdams Peil;NAP;Oppervlaktewater;OW;;;Astronomische waterhoogte mbv harmonische analyse;other:F012;;;31/01/2021;08:22:00;;45;45;Normale waarde;;;;Ongecontroleerd;RIKZMON_WAT;;;;;;;-999999999;NVT;25831;617198,3937;5869730,61;;;;Getijextreem berekend;GETETBRKD2;2;MUX
;Den Helder;DENHDR;;;Waterhoogte berekend;WATHTBRKD;;;;cm;t.o.v. Normaal Amsterdams Peil;NAP;Oppervlaktewater;OW;;;Astronomische waterhoogte mbv harmonische analyse;other:F012;;;31/01/2021;15:55:00;;-88;-88;Normale waarde;;;;Ongecontroleerd;RIKZMON_WAT;;;;;;;-999999999;NVT;25831;617198,3937;5869730,61;;;;Getijextreem berekend;GETETBRKD2;2;MUX
;Den Helder;DENHDR;;;Waterhoogte berekend;WATHTBRKD;;;;cm;t.o.v. Normaal Amsterdams Peil;NAP;Oppervlaktewater;OW;;;Astronomische waterhoogte mbv harmonische analyse;other:F012;;;31/01/2021;21:49:00;;83;83;Normale waarde;;;;Ongecontroleerd;RIKZMON_WAT;;;;;;;-999999999;NVT;25831;617198,3937;5869730,61;;;;Getijextreem berekend;GETETBRKD2;2;MUX
;Den Helder;DENHDR;;;Waterhoogte berekend;WATHTBRKD;;;;cm;t.o.v. Normaal Amsterdams Peil;NAP;Oppervlaktewater;OW;;;Astronomische waterhoogte mbv harmonische analyse;other:F012;;;01/02/2021;04:29:00;;-89;-89;Normale waarde;;;;Ongecontroleerd;RIKZMON_WAT;;;;;;;-999999999;NVT;25831;617198,3937;5869730,61;;;;Getijextreem berekend;GETETBRKD2;2;MUX
;Den Helder;DENHDR;;;Waterhoogte berekend;WATHTBRKD;;;;cm;t.o.v. Normaal Amsterdams Peil;NAP;Oppervlaktewater;OW;;;Astronomische waterhoogte mbv harmonische analyse;other:F012;;;01/02/2021;09:12:00;;43;43;Normale waarde;;;;Ongecontroleerd;RIKZMON_WAT;;;;;;;-999999999;NVT;25831;617198,3937;5869730,61;;;;Getijextreem berekend;GETETBRKD2;2;MUX
;Den Helder;DENHDR;;;Waterhoogte berekend;WATHTBRKD;;;;cm;t.o.v. Normaal Amsterdams Peil;NAP;Oppervlaktewater;OW;;;Astronomische waterhoogte mbv harmonische analyse;other:F012;;;01/02/2021;16:26:00;;-91;-91;Normale waarde;;;;Ongecontroleerd;RIKZMON_WAT;;;;;;;-999999999;NVT;25831;617198,3937;5869730,61;;;;Getijextreem berekend;GETETBRKD2;2;MUX
;Den Helder;DENHDR;;;Waterhoogte berekend;WATHTBRKD;;;;cm;t.o.v. Normaal Amsterdams Peil;NAP;Oppervlaktewater;OW;;;Astronomische waterhoogte mbv harmonische analyse;other:F012;;;01/02/2021;22:19:00;;85;85;Normale waarde;;;;Ongecontroleerd;RIKZMON_WAT;;;;;;;-999999999;NVT;25831;617198,3937;5869730,61;;;;Getijextreem berekend;GETETBRKD2;2;MUX
